ID,Label
0000199.jpg,2
0000260.jpg,2
000028_jpg.rf.5a5bf143758f11a099e16526e1f856a0.jpg,3
0000349.jpg,2
000034_jpg.rf.f2956d1540dc9ee4b9620b27c98f033f.jpg,3
0000361.jpg,2
0000433.jpg,3
0000555.jpg,2
0000559.jpg,3
0000572.jpg,0
0000594.jpg,3
0000707.jpg,3
0000714.jpg,2
0000754.jpg,2
0000777.jpg,2
0000806.jpg,3
0001014.jpg,2
000142_jpg.rf.1602a55b979d0135ea3b8cd3b885688f.jpg,3
0002012.jpg,0
0002083.jpg,0
0002506.jpg,3
0002544.jpg,3
0002586.jpg,2
000274_jpg.rf.8e7078172f90c1c308835631a00d2aa8.jpg,3
0002755.jpg,3
0002850.jpg,2
000287_jpg.rf.7ae857a8b62b2549b71b5a5388c3f514.jpg,0
0003043.jpg,3
000316_jpg.rf.9398cc6e22f260ec0e954c2b99aa82d7.jpg,3
0003266.jpg,0
0003277.jpg,3
0003385.jpg,2
0003470.jpg,2
0003541.jpg,3
0003780.jpg,0
000381_jpg.rf.90918704c61622133d9c688507e61d63.jpg,3
0003926.jpg,3
0004014.jpg,2
0004832.jpg,0
0004916.jpg,2
0004950.jpg,2
0004978.jpg,2
000497_jpg.rf.7446c453af05009db7b5e4e3b749b102.jpg,3
0005120.jpg,2
0005265.jpg,2
0005366.jpg,3
0005888.jpg,0
0005943.jpg,0
0005944.jpg,2
0006002.jpg,0
0006008.jpg,2
0006048.jpg,2
0006222.jpg,2
0006248.jpg,2
0006275.jpg,0
0006317.jpg,2
0006657.jpg,0
000714_jpg.rf.8df3102c074a99d74f3aecaf9244a3b7.jpg,3
0007354.jpg,2
0007610.jpg,3
000822_jpg.rf.fb074f18dced78bd1d1b557019dc3ad3.jpg,3
0008677.jpg,0
0008712.jpg,3
0008961.jpg,0
0009265.jpg,2
0009617.jpg,2
0009804.jpg,2
0010094.jpg,2
0010124.jpg,2
0010172.jpg,3
0010344.jpg,2
0010401.jpg,0
0010475.jpg,2
0010582.jpg,2
0010888.jpg,2
0010965.jpg,0
0011189.jpg,2
0011255.jpg,3
0011279.jpg,3
0011331.jpg,3
0011399.jpg,2
0011401.jpg,2
0011563.jpg,0
0011598.jpg,2
0011656.jpg,0
0011713.jpg,0
0011902.jpg,2
0012235.jpg,3
0012253.jpg,3
0012317.jpg,3
0012325.jpg,2
0012552.jpg,3
0012628.jpg,2
0012653.jpg,0
0013112.jpg,2
0013200.jpg,3
0013283.jpg,3
0013450.jpg,2
0013473.jpg,3
0013476.jpg,0
0013514.jpg,3
0013518.jpg,3
0013599.jpg,2
0013601.jpg,2
0013982.jpg,3
0014072.jpg,3
0014754.jpg,2
0014972.jpg,2
0015110.jpg,2
0015154.jpg,2
0015273.jpg,0
0015334.jpg,2
0015359.jpg,3
0015371.jpg,2
0015431.jpg,3
0015504.jpg,3
0015560.jpg,3
0015607.jpg,2
0015723.jpg,2
0015840.jpg,3
0015862.jpg,2
0016055.jpg,2
0016081.jpg,3
0016099.jpg,0
0016140.jpg,2
0016169.jpg,2
0016310.jpg,3
0016328.jpg,2
0016602.jpg,2
0016811.jpg,2
0017091.jpg,2
0017164.jpg,2
0017363.jpg,0
0017917.jpg,2
0018054.jpg,0
0018151.jpg,1
0018411.jpg,0
0018574.jpg,0
0018599.jpg,3
0018828.jpg,2
0018970.jpg,2
0019149.jpg,2
0019580.jpg,3
0019883.jpg,2
0019964.jpg,2
0019972.jpg,3
0020059.jpg,0
0020160.jpg,3
0020179.jpg,0
0020266.jpg,3
0020321.jpg,2
0020449.jpg,3
0020489.jpg,3
0020515.jpg,2
0020573.jpg,0
0021002.jpg,2
0021167.jpg,0
0021201.jpg,0
0021222.jpg,2
0021359.jpg,2
0021401.jpg,2
0021414.jpg,3
0021485.jpg,0
0021490.jpg,3
0021496.jpg,0
0021587.jpg,3
0021724.jpg,3
0021755.jpg,2
0021797.jpg,2
0021884.jpg,3
0022121.jpg,2
0022226.jpg,2
0022535.jpg,0
0022722.jpg,2
0022738.jpg,2
0022768.jpg,2
0022773.jpg,3
0022828.jpg,0
0023160.jpg,3
0023180.jpg,2
0266.jpg,0
0491.jpg,0
0708.jpg,0
0809.jpg,0
0887.jpg,0
0923.jpg,0
0996.jpg,0
1041.jpg,0
106.png,1
1107.png,1
1142.jpg,0
1223.jpg,0
1290.jpg,0
131092897_149705809860659_8798464983059531038_n_jpg.rf.14a956a179cb5692102996837ded6643.jpg,2
1363.png,1
1366.png,1
1393.jpg,0
1456.jpg,0
413.png,1
44.png,1
462.png,1
58.png,2
61.png,1
676.png,1
812.png,1
834.png,1
84.png,3
98.png,1
99.png,1
al-ishrak-sunny-ZRJurausAc0-unsplash_jpg.rf.8aabffa0ae87b308ca85d6ccdd242a37.jpg,2
architecture-4095954_1280_jpg.rf.431f10e5cfccf94711ea0c71d8145e2c.jpg,3
at-night-4868299_1280_jpg.rf.86e453973948bce6f0cd03d8bde9c73c.jpg,2
b03a3e2c-07c9-48f1-a7dc-d0007795932f-large16x9_ImportedfromLakana_jpg.rf.6b44c088e0597d48b208f9848179f6af.jpg,2
cologne-main-station-1772337_1280_jpg.rf.af84091d8a9574a4297f91799cb57198.jpg,2
damagetotrackfromcollisionlfb_jpg.rf.e3873bb234b69d7664a0b89b3a64d39f.jpg,2
depositphotos_223589292-stock-photo-long-endless-train-railroad-vanishing-1-_jpg.rf.99bcd0cecf12bce74113ff8b453ead9f.jpg,2
download-1-_jpeg.rf.2a20df07baec79f88a963e1ccb7d87cd.jpg,2
IMG_20201114_100206_jpg.rf.26b77dd2a1c7221bffe6cd6fdb5d7b4f.jpg,2
IMG_20201114_102741_jpg.rf.cf862d4cfdb557c70f2a44de4283d676.jpg,2
istockphoto-477006487-612x612_jpg.rf.06fb4b5fd84d965c0ead9d60656a3c31.jpg,2
night-2469408_1280_jpg.rf.8c57d97eee596a8fb35dafb3226f4f4b.jpg,2
pexels-justin-lawson-3668481_jpg.rf.adac705c7740eec7dd4b158c0c4fb191.jpg,2
ppe_0171_jpg.rf.f62cfde11b3348969d3f7ae11866a732.jpg,3
ppe_0375_jpg.rf.3e92b71b0e8e3c2fdf20da006994da70.jpg,3
ppe_0654_jpg.rf.03e422441abec8eeaf4094fcb7ef93cb.jpg,3
ppe_0811_jpg.rf.28e3dc573cf9a44efcc194c212cb6335.jpg,2
ppe_0979_jpg.rf.fe16bd9fc4ca8f1b9cf76e80970e6e98.jpg,3
ppe_1066_jpg.rf.a68e646ee0c91a2ec6d085236bf6089f.jpg,3
railroad-6670681_1280_jpg.rf.2eafe8fb52508611b23a31c075c1ba7b.jpg,2
